case_id,category,label,grounding,personalization,instruction_following,overall_score,unsupported_claims,quality_category
16,Irrelevant,Bad,-0.37,-0.37,-0.18,0.0,1,Low Quality
36,Irrelevant,Bad,0.01,0.01,0.4,0.21,1,Low Quality
35,Irrelevant,Bad,0.38,0.38,0.97,0.55,1,Low Quality
15,Irrelevant,Bad,0.29,0.29,1.22,0.56,1,Low Quality
34,Irrelevant,Bad,0.34,0.34,1.6,0.69,1,Low Quality
28,Instruction Failure,Bad,0.88,0.88,2.17,1.13,1,Low Quality
33,Irrelevant,Bad,0.9,0.9,3.88,1.56,1,Low Quality
6,Wrong Personalization,Bad,2.33,2.33,1.9,1.86,1,Low Quality
3,Hallucination,Bad,2.44,2.44,2.19,1.99,1,Low Quality
40,Partial,Partial,1.52,1.52,4.26,2.0,1,Low Quality
37,Partial,Partial,2.03,2.03,3.49,2.09,1,Low Quality
8,Instruction Failure,Bad,2.23,2.23,3.58,2.22,1,Low Quality
5,Wrong Personalization,Bad,2.34,2.34,3.84,2.35,1,Low Quality
45,Ambiguous,Good,3.67,3.67,1.38,2.46,1,Low Quality
4,Hallucination,Bad,3.39,3.39,1.37,3.81,0,Low Quality
46,Ambiguous,Good,2.86,2.86,2.59,3.82,0,Low Quality
47,Ambiguous,Good,3.43,3.43,2.45,4.1,0,Low Quality
22,Hallucination,Bad,3.98,3.98,1.31,4.12,0,Low Quality
38,Partial,Partial,3.45,3.45,2.92,4.23,0,Low Quality
44,Helpful,Good,4.46,4.47,0.86,4.27,0,Low Quality
24,Hallucination,Bad,3.43,3.43,3.22,4.29,0,Low Quality
39,Partial,Partial,4.18,4.18,2.5,4.52,0,Low Quality
48,Ambiguous,Good,3.52,3.52,4.28,4.61,0,Low Quality
43,Helpful,Good,3.28,3.28,5.24,4.71,0,Low Quality
9,Helpful,Good,4.85,4.85,1.93,4.75,0,Low Quality
21,Hallucination,Bad,4.96,4.96,1.75,4.77,0,Low Quality
41,Helpful,Good,4.97,4.97,1.8,4.78,0,Low Quality
27,Instruction Failure,Partial,5.22,5.22,1.39,4.82,0,Low Quality
42,Helpful,Good,4.95,4.95,2.09,4.85,0,Low Quality
10,Helpful,Good,4.79,4.79,2.49,4.86,0,Low Quality
19,Grounded,Good,4.84,4.84,2.62,4.92,0,Low Quality
32,Personalization,Good,5.04,5.05,2.4,4.97,0,Low Quality
31,Personalization,Good,5.37,5.37,2.26,5.12,0,Low Quality
23,Hallucination,Bad,5.68,5.68,2.4,5.32,0,Low Quality
49,Strong,Good,6.3,6.3,1.78,5.51,0,Low Quality
30,Personalization,Good,6.34,6.34,2.4,5.69,0,Low Quality
14,Personalization,Good,6.53,6.53,2.03,5.7,0,Low Quality
13,Personalization,Good,6.55,6.55,2.06,5.72,0,Low Quality
17,Grounded,Good,6.95,6.95,1.36,5.76,0,Low Quality
29,Personalization,Good,6.87,6.87,1.57,5.77,0,Low Quality
20,Grounded,Good,6.69,6.69,2.71,5.96,0,Low Quality
